region,cen_lat,cen_lon,x1,x2,y1,y2,MapRes
CONUS,38.5,-97,-2550,2550,-1700,1700,na1
North_America,41.75,-113,-5200,5900,-2600,4800,m0
R1,38.5,-80.3,103.566777505574,1324.46622928831,257.738151837933,1071.67111969309,na1
R2,38.5,-80.3,-228.382843025215,992.516608757519,10.0378601224194,823.970827977575,na1
R3,38.5,-80.3,-391.684014902248,617.323796488441,-238.959547776121,433.712326484337,na1
R4,33.1,-83.9,-1302.04214783941,1196.10487318371,-956.348512142848,709.082835205899,na1
R5,38.5,-97,-441.532368989582,1721.36548471009,-190.319799975199,1251.61210249125,na1
R6,38.5,-97,-1343.57041396571,819.32743973396,-1466.8759497696,-24.944047303157,na1
R7,38.5,-97,-683.763297829295,793.525038827814,-303.850332494519,681.00855861022,na1
R8,39.1,-106.8,-1048.83137839763,1222.21136798702,-317.94964745874,1196.07885013103,na1
R9,40.1,-112.5,-1247.33204489121,718.938731199405,-1003.66566030471,307.181523755695,na1
R10,40.1,-112.5,-1115.53372167356,227.455675287452,178.882927255339,1074.20919189601,na1
Canada,60.0,-95.0,-2930.01418802991,3009.98581197009,-1968.13272352439,2431.86727647561,na1
Alaska,60.5,-155.3,-1625.60000520876,1727.37513931068,-1037.4650588259,1446.22023341072,m0
Hawaii,20.5,-157.6,-323.868086989321,339.500170308512,-244.885420513574,246.498473781116,h0
